RECORDNUM,Predicted Points
1145,6.062358856201172
1146,9.265018463134766
1147,6.15771484375
1148,8.631102561950684
1149,10.172881126403809
1150,8.58537769317627
1151,9.651080131530762
1152,7.775032997131348
1153,9.379435539245605
1154,9.271402359008789
1155,6.845703601837158
1156,9.263354301452637
1157,9.373861312866211
1158,8.11546516418457
1159,8.84106731414795
1160,8.083146095275879
1161,8.043729782104492
1162,8.827812194824219
1163,8.083198547363281
1164,8.385686874389648
1165,8.346577644348145
1166,11.646702766418457
1167,9.102860450744629
1168,8.319271087646484
1169,8.145768165588379
1170,9.127835273742676
1171,8.482620239257812
1172,8.75182819366455
1173,9.280552864074707
1174,5.186716556549072
1175,8.197366714477539
1176,6.512695789337158
1177,6.754439830780029
1178,5.951328277587891
1179,10.946028709411621
1180,9.713274955749512
1181,6.565687656402588
1182,6.963811874389648
1183,8.473054885864258
1184,14.235288619995117
1185,6.991150856018066
1186,8.637621879577637
1187,5.930135726928711
1188,9.338286399841309
1189,10.973133087158203
1190,10.633015632629395
1191,9.248623847961426
1192,8.781205177307129
1193,10.529019355773926
1194,9.241766929626465
1195,11.15563678741455
1196,7.0659613609313965
1197,6.658923149108887
1198,17.99858856201172
1199,7.570242404937744
1200,9.451709747314453
1201,10.597274780273438
1202,7.622533798217773
1203,8.223952293395996
1204,7.358155727386475
1205,7.904046058654785
1206,9.734339714050293
1207,9.427393913269043
1208,7.08474063873291
1209,7.240160942077637
1210,8.595732688903809
1211,7.5943732261657715
1212,10.877545356750488
1213,5.656192302703857
1214,6.49220085144043
1215,8.529603958129883
1216,7.985976696014404
1217,9.451210021972656
1218,7.136629581451416
1219,7.149628639221191
1220,7.995260238647461
1221,9.283695220947266
1222,9.877537727355957
1223,9.0054349899292
1224,6.885651111602783
1225,8.84199333190918
1226,7.524589538574219
1227,6.81878662109375
1228,7.8166303634643555
1229,7.9106364250183105
1230,13.14783000946045
1231,14.060096740722656
1232,12.111520767211914
1233,8.308526992797852
1234,6.277036190032959
1235,9.726728439331055
1236,12.2002534866333
1237,6.79550838470459
1238,6.915027618408203
1239,9.631155014038086
1240,11.484722137451172
1241,6.921934604644775
1242,16.66149139404297
1243,8.74417781829834
1244,6.477605819702148
1245,10.569818496704102
1246,6.843019485473633
1247,6.600234031677246
1248,10.373801231384277
1249,7.683353900909424
1250,8.966404914855957
1251,8.649398803710938
1252,7.406412124633789
1253,8.76740837097168
1254,10.153655052185059
1255,8.070884704589844
1256,7.363781929016113
1257,8.680391311645508
1258,8.480049133300781
1259,8.112936019897461
1260,7.173582553863525
1261,10.778071403503418
1262,7.291362285614014
1263,9.776171684265137
1264,9.176170349121094
1265,6.038061618804932
1266,8.830650329589844
1267,7.696476936340332
1268,9.165108680725098
1269,10.951696395874023
1270,10.286835670471191
1271,7.54562520980835
1272,8.19546890258789
1273,6.523498058319092
1274,10.459946632385254
1275,8.548440933227539
1276,8.906513214111328
1277,11.248692512512207
1278,8.515766143798828
1279,6.572665214538574
1280,10.040955543518066
1281,10.534252166748047
1282,8.663412094116211
1283,7.212573051452637
1284,9.479255676269531
1285,24.104202270507812
1286,6.22667121887207
1287,8.847380638122559
1288,7.817559719085693
1289,7.163077354431152
1290,6.141054153442383
1291,9.093613624572754
2256,7.641365051269531
2257,10.601117134094238
2258,6.222227096557617
2259,9.194421768188477
2260,7.134343147277832
2261,7.410783290863037
2262,8.752995491027832
2263,9.609519004821777
2264,9.349822998046875
2265,7.989767074584961
2266,9.498526573181152
2267,8.161067962646484
2268,10.798650741577148
2269,6.542022228240967
2270,4.786166191101074
2271,7.684677600860596
2272,8.614442825317383
2273,9.461808204650879
2274,10.375186920166016
2275,7.586892127990723
2276,10.422172546386719
2277,8.248465538024902
2278,8.161328315734863
2279,8.43725299835205
2280,11.252095222473145
2281,7.037298202514648
2282,8.94356918334961
2283,7.652238368988037
2284,6.996754169464111
2285,6.935797214508057
2286,6.690357685089111
2287,8.14222526550293
2288,6.574839115142822
2289,6.435969829559326
2290,7.704939842224121
2291,10.219924926757812
2292,9.341730117797852
2293,6.173275947570801
2294,7.904508113861084
2295,7.5324482917785645
2296,6.598255634307861
2297,8.947162628173828
2298,10.284460067749023
2299,9.42066764831543
2300,6.228132724761963
2301,8.717905044555664
2302,9.028454780578613
2303,9.033687591552734
2304,7.729148864746094
2305,6.65227746963501
2306,7.165627479553223
2307,8.484650611877441
2308,6.174505710601807
2309,8.213729858398438
2310,9.136666297912598
2311,7.626494884490967
2312,7.502340793609619
2313,7.627782821655273
2314,8.392972946166992
2315,8.13561725616455
2316,7.020450115203857
2317,7.371344089508057
2318,9.527253150939941
2319,7.693084239959717
2320,9.551336288452148
2321,6.790987968444824
2322,9.984978675842285
2323,9.56855583190918
2324,10.139901161193848
2325,8.3590087890625
2326,11.937475204467773
2327,8.210677146911621
2328,9.046246528625488
2329,9.664637565612793
2330,6.679272651672363
2331,9.149057388305664
2332,9.966928482055664
2333,15.097321510314941
2334,10.492661476135254
2335,11.080460548400879
2336,8.342803955078125
2337,9.50017261505127
2338,8.719222068786621
2339,11.06299877166748
2340,9.025495529174805
2341,9.585508346557617
2342,7.7678303718566895
2343,5.418370246887207
2344,7.75978422164917
2345,8.706767082214355
2346,6.164665222167969
2347,8.220518112182617
2348,7.2884202003479
2349,7.395395755767822
2350,8.158721923828125
2351,5.845273494720459
2352,10.631028175354004
2353,8.173985481262207
2354,8.518633842468262
2355,9.542542457580566
2356,8.224899291992188
2357,8.868908882141113
2358,8.827589988708496
2359,7.68652868270874
2360,8.130993843078613
2361,8.989954948425293
2362,10.127501487731934
2363,13.237456321716309
2364,9.16659164428711
2365,9.195639610290527
2366,12.084510803222656
2367,9.065513610839844
2368,8.215709686279297
3642,13.618308067321777
3643,12.862970352172852
3644,8.129386901855469
3645,11.27682113647461
3646,9.600539207458496
3647,7.398351669311523
3648,11.380034446716309
3649,7.5916337966918945
3650,10.446757316589355
3651,6.583688259124756
3652,10.7885160446167
3653,7.298715114593506
3654,9.674395561218262
3655,6.954869747161865
3656,9.702756881713867
3657,10.171563148498535
3658,7.126186847686768
3659,7.14818811416626
3660,7.204920768737793
3661,6.7025556564331055
3662,8.741432189941406
3663,9.548211097717285
3664,8.840944290161133
3665,9.375563621520996
3666,8.859313011169434
3667,7.032797813415527
3668,14.68456745147705
3669,8.801451683044434
3670,6.740424156188965
3671,9.242247581481934
3672,7.7870402336120605
3673,10.930997848510742
3674,10.42576789855957
3675,12.752532005310059
3676,12.77118968963623
3677,9.25951099395752
3678,11.000846862792969
3679,7.628200054168701
3680,13.366039276123047
3681,7.594081401824951
3682,10.399246215820312
3683,8.484273910522461
3684,9.070165634155273
3685,6.710289001464844
3686,8.821076393127441
3687,9.091523170471191
3688,9.274611473083496
3689,8.941489219665527
3690,9.458653450012207
3691,13.383195877075195
3692,10.811278343200684
3693,7.836051940917969
3694,10.647906303405762
3695,6.114659786224365
3696,11.040448188781738
3697,6.277915000915527
3698,9.413935661315918
3699,9.010940551757812
3700,8.128927230834961
3701,8.943541526794434
3702,9.055732727050781
3703,10.868611335754395
3704,8.655943870544434
3705,7.7573161125183105
3706,9.607771873474121
3707,7.814549446105957
3708,13.242341995239258
3709,10.617201805114746
3710,9.897211074829102
3711,9.740352630615234
3712,9.151829719543457
3713,10.776638984680176
3714,6.229607582092285
3715,8.4920654296875
3716,7.296940326690674
3717,11.217456817626953
3718,6.699328899383545
3719,11.850421905517578
3720,6.630214691162109
3721,7.7243452072143555
3722,12.839400291442871
3723,7.766871929168701
3724,8.85358715057373
3725,7.719302654266357
3726,7.181351661682129
3727,14.747178077697754
3728,10.40509033203125
3729,10.268325805664062
3730,11.359746932983398
3731,9.67907428741455
3732,11.622721672058105
3733,7.3612260818481445
3734,9.653083801269531
3735,7.30081033706665
3736,7.785222053527832
3737,12.42171573638916
3738,6.9862751960754395
3739,10.640463829040527
3740,9.475358009338379
3741,11.010457038879395
3742,11.609127044677734
3743,9.347824096679688
3744,7.905385494232178
3745,9.162236213684082
3746,7.86598014831543
3747,8.726807594299316
3748,10.913019180297852
3749,9.526407241821289
3750,9.18070125579834
3751,9.248055458068848
3752,11.658804893493652
3753,9.584943771362305
3754,9.391166687011719
3755,8.734101295471191
3756,11.799182891845703
3757,12.41880989074707
3758,5.314938068389893
3759,6.8955230712890625
3760,10.531588554382324
3761,10.372442245483398
3762,8.265188217163086
3763,6.925390243530273
3764,7.6859211921691895
3765,8.509784698486328
3766,9.195236206054688
3767,12.187582969665527
3768,7.643705368041992
3769,11.857038497924805
3770,8.739728927612305
3771,10.78045654296875
3772,9.043489456176758
3773,8.410805702209473
3774,7.334471702575684
3775,9.135775566101074
3776,10.92872428894043
3777,11.040117263793945
5031,14.196492195129395
5032,8.523178100585938
5033,10.305658340454102
5034,9.282960891723633
5035,6.9797868728637695
5036,10.830735206604004
5037,9.349853515625
5038,7.6552252769470215
5039,9.54374885559082
5040,8.541596412658691
5041,10.090181350708008
5042,11.943296432495117
5043,9.032387733459473
5044,5.442348957061768
5045,7.731159687042236
5046,7.046696186065674
5047,13.732041358947754
5048,14.72262191772461
5049,10.407057762145996
5050,7.931082248687744
5051,14.240778923034668
5052,7.3232598304748535
5053,9.332450866699219
5054,5.316626071929932
5055,9.369099617004395
5056,11.36208724975586
5057,9.182332038879395
5058,8.075052261352539
5059,8.614261627197266
5060,7.5654191970825195
5061,8.478584289550781
5062,8.39075756072998
5063,10.47733211517334
5064,8.076667785644531
5065,7.89673376083374
5066,8.099719047546387
5067,14.656401634216309
5068,8.984180450439453
5069,9.451420783996582
5070,9.808926582336426
5071,7.530691146850586
5072,10.258984565734863
5073,7.015146732330322
5074,10.759681701660156
5075,8.733887672424316
5076,9.194023132324219
5077,8.248163223266602
5078,8.65700626373291
5079,7.000291347503662
5080,10.284114837646484
5081,9.573440551757812
5082,7.34499454498291
5083,8.354846954345703
5084,8.203193664550781
5085,8.745124816894531
5086,11.655074119567871
5087,12.13819694519043
5088,7.116267204284668
5089,9.609456062316895
5090,6.74472713470459
5091,7.566909313201904
5092,8.211227416992188
5093,10.784707069396973
5094,9.23592758178711
5095,9.663010597229004
5096,6.673139572143555
5097,9.002346992492676
5098,7.630505084991455
5099,7.235058784484863
5100,9.384007453918457
5101,9.478826522827148
5102,7.382864952087402
5103,10.646617889404297
5104,11.410079002380371
5105,8.946930885314941
5106,8.373401641845703
5107,9.834795951843262
5108,11.99271297454834
5109,10.213935852050781
5110,10.610763549804688
5111,11.186800003051758
5112,8.759271621704102
5113,11.412284851074219
5114,9.55014705657959
5115,6.573148727416992
5116,9.558613777160645
5117,6.966904163360596
5118,7.966959476470947
5119,7.385916233062744
5120,8.920564651489258
5121,8.342784881591797
5122,12.023677825927734
5123,11.590997695922852
5124,8.938569068908691
5125,7.320964813232422
5126,10.020012855529785
5127,7.170036792755127
5128,9.199013710021973
5129,7.851692199707031
5130,7.002566337585449
5131,7.896888256072998
5132,8.862258911132812
5133,9.595087051391602
5134,12.665952682495117
5135,8.93516731262207
5136,10.2526216506958
5137,11.887008666992188
5138,9.824519157409668
5139,8.826435089111328
5140,10.709678649902344
5141,10.657771110534668
5142,12.38333797454834
5143,9.582386016845703
5144,8.615246772766113
5145,11.816628456115723
5146,10.929400444030762
5147,7.574518203735352
5148,14.307044982910156
5149,10.017001152038574
5150,8.49452018737793
5151,8.235231399536133
5152,10.410529136657715
6410,7.613014221191406
6411,8.873123168945312
6412,10.51404094696045
6413,9.940469741821289
6414,8.881532669067383
6415,12.654447555541992
6416,10.871964454650879
6417,9.97708797454834
6418,6.667501926422119
6419,8.466476440429688
6420,8.784459114074707
6421,7.777220726013184
6422,9.852320671081543
6423,8.657929420471191
6424,7.8265814781188965
6425,10.232629776000977
6426,13.2351713180542
6427,12.804036140441895
6428,8.186166763305664
6429,9.394463539123535
6430,8.96866512298584
6431,12.550389289855957
6432,7.743031024932861
6433,8.203710556030273
6434,10.919434547424316
6435,12.561460494995117
6436,7.950018882751465
6437,10.722479820251465
6438,8.290335655212402
6439,11.43256950378418
6440,9.974040031433105
6441,10.573403358459473
6442,9.768302917480469
6443,8.277152061462402
6444,10.659090995788574
6445,10.277754783630371
6446,10.35919189453125
6447,11.232043266296387
6448,9.101092338562012
6449,9.283303260803223
6450,10.139067649841309
6451,9.890449523925781
6452,8.435401916503906
6453,6.651167869567871
6454,9.863944053649902
6455,10.382341384887695
6456,11.76652717590332
6457,9.373339653015137
6458,9.06715202331543
6459,9.863818168640137
6460,10.422167778015137
6461,8.958373069763184
6462,8.90778923034668
6463,10.239331245422363
6464,8.251604080200195
6465,9.97751522064209
6466,7.181232929229736
6467,10.742419242858887
6468,7.517382621765137
6469,8.171945571899414
6470,7.362151622772217
6471,8.238870620727539
6472,9.02169418334961
6473,9.668135643005371
6474,9.590384483337402
6475,9.379654884338379
6476,7.55349588394165
6477,8.554132461547852
6478,8.921429634094238
6479,7.765056133270264
6480,10.6735200881958
6481,7.692505359649658
6482,9.303003311157227
6483,9.55300521850586
6484,11.083911895751953
6485,8.589339256286621
6486,7.668550491333008
6487,7.511918067932129
6488,9.440048217773438
6489,10.329657554626465
6490,7.638972759246826
6491,6.901444911956787
6492,10.843528747558594
6493,8.816843032836914
6494,8.640948295593262
6495,9.13569450378418
6496,11.49258041381836
6497,9.378763198852539
6498,7.4800639152526855
6499,11.621134757995605
6500,8.925517082214355
6501,9.298849105834961
6502,8.604595184326172
6503,8.593034744262695
6504,8.8164644241333
6505,11.263459205627441
6506,7.30482816696167
6507,8.562002182006836
6508,10.85525894165039
6509,10.694275856018066
6510,8.435537338256836
6511,8.433439254760742
6512,8.428160667419434
6513,10.181326866149902
6514,7.087158679962158
6515,5.417299270629883
6516,6.855304718017578
6517,9.712076187133789
6518,10.159655570983887
6519,8.981216430664062
6520,7.633270263671875
6521,7.707909107208252
6522,9.197344779968262
6523,12.36034107208252
6524,8.5166654586792
6525,9.493802070617676
6526,11.097354888916016
6527,11.681161880493164
6528,6.168211460113525
6529,12.886240005493164
6530,9.527445793151855
6531,9.874902725219727
6532,10.270865440368652
6533,7.76726770401001
6534,6.700926303863525
6535,7.471140384674072
6536,7.690515518188477
6537,10.434393882751465
6538,10.061930656433105
6539,10.120848655700684
6540,8.727803230285645
7825,10.624784469604492
7826,10.67374038696289
7827,7.307215213775635
7828,6.114229679107666
7829,13.748342514038086
7830,9.32318115234375
7831,10.49898624420166
7832,7.01955509185791
7833,11.001739501953125
7834,8.350269317626953
7835,9.605911254882812
7836,9.261117935180664
7837,9.373275756835938
7838,6.996790885925293
7839,7.818421363830566
7840,7.956416606903076
7841,7.0658159255981445
7842,9.739156723022461
7843,7.309235095977783
7844,8.092121124267578
7845,7.889638900756836
7846,6.313639163970947
7847,7.821563243865967
7848,9.312111854553223
7849,7.326261043548584
7850,8.548181533813477
7851,6.049553871154785
7852,8.445466995239258
7853,7.934942245483398
7854,7.86472749710083
7855,9.114057540893555
7856,9.552072525024414
7857,7.253490447998047
7858,10.080777168273926
7859,10.706542015075684
7860,11.532793998718262
7861,11.687296867370605
7862,8.576822280883789
7863,4.888001918792725
7864,11.12134075164795
7865,12.605962753295898
7866,7.513514995574951
7867,8.853126525878906
7868,7.334855556488037
7869,8.160590171813965
7870,10.529121398925781
7871,6.36435604095459
7872,9.383554458618164
7873,8.926129341125488
7874,6.315979957580566
7875,8.93190860748291
7876,8.344085693359375
7877,7.660305976867676
7878,12.838953018188477
7879,9.642236709594727
7880,9.11030387878418
7881,8.899698257446289
7882,9.624451637268066
7883,8.968132019042969
7884,11.888937950134277
7885,10.819347381591797
7886,10.006609916687012
7887,6.835193634033203
7888,9.737504959106445
7889,13.289032936096191
7890,6.964495658874512
7891,13.170112609863281
7892,6.92290735244751
7893,8.368310928344727
7894,7.044780731201172
7895,5.913816928863525
7896,9.737752914428711
7897,8.66797924041748
7898,10.873226165771484
7899,8.864574432373047
7900,11.695971488952637
7901,11.216099739074707
7902,9.404322624206543
7903,12.421520233154297
7904,9.139514923095703
7905,4.953568458557129
7906,9.710530281066895
7907,7.365628242492676
7908,9.453007698059082
7909,10.28875732421875
7910,10.674626350402832
7911,8.865690231323242
7912,8.556092262268066
7913,9.604345321655273
7914,6.3846964836120605
7915,7.101195335388184
7916,9.71036434173584
7917,11.03465461730957
7918,6.265588760375977
7919,9.947297096252441
7920,9.310805320739746
7921,6.88348388671875
7922,10.711490631103516
7923,9.089483261108398
7924,9.192557334899902
7925,6.986330986022949
7926,8.192197799682617
7927,8.92188549041748
7928,7.239509582519531
7929,10.54305648803711
7930,7.0388054847717285
7931,8.11814022064209
7932,9.984174728393555
7933,9.184837341308594
7934,8.97082805633545
7935,6.619176387786865
7936,7.53352165222168
7937,10.737417221069336
7938,7.599236011505127
7939,7.211913585662842
7940,7.93707275390625
7941,9.429152488708496
7942,10.856104850769043
7943,9.98037052154541
7944,9.1604642868042
7945,7.063065052032471
7946,9.266335487365723
7947,8.493597984313965
7948,11.723495483398438
7949,9.666345596313477
7950,10.565506935119629
7951,6.718967914581299
7952,5.765589237213135
7953,7.572788715362549
7954,10.583454132080078
7955,7.111505508422852
7956,6.486394882202148
7957,14.81902027130127
7958,8.003110885620117
7959,8.153375625610352
7960,9.676898002624512
7961,8.695734024047852
7962,6.904573440551758
7963,8.028135299682617
7964,11.187993049621582
7965,10.719922065734863
7966,12.260917663574219
7967,8.517163276672363
7968,6.935085296630859
7969,8.561478614807129
7970,7.230570316314697
7971,10.272594451904297
7972,9.022632598876953
9231,12.837715148925781
9232,7.267929553985596
9233,8.103656768798828
9234,11.0750732421875
9235,9.078631401062012
9236,11.0086669921875
9237,5.8793840408325195
9238,10.52821159362793
9239,9.357909202575684
9240,9.055792808532715
9241,11.006536483764648
9242,12.778655052185059
9243,7.870862007141113
9244,10.435457229614258
9245,8.192190170288086
9246,6.9136457443237305
9247,10.178150177001953
9248,7.750771522521973
9249,7.326959609985352
9250,7.326357841491699
9251,8.806172370910645
9252,7.243791580200195
9253,5.764155864715576
9254,8.857582092285156
9255,9.200886726379395
9256,8.009608268737793
9257,12.291463851928711
9258,7.291396617889404
9259,8.794112205505371
9260,13.41889476776123
9261,5.949934482574463
9262,9.217902183532715
9263,8.773606300354004
9264,9.671664237976074
9265,16.403812408447266
9266,7.408398628234863
9267,10.452366828918457
9268,12.837381362915039
9269,11.624085426330566
9270,10.26205062866211
9271,9.252202987670898
9272,13.211639404296875
9273,7.339421272277832
9274,10.848849296569824
9275,9.455435752868652
9276,9.544502258300781
9277,10.602225303649902
9278,9.635504722595215
9279,9.136054992675781
9280,6.670085430145264
9281,8.80359935760498
9282,8.29999828338623
9283,9.55615234375
9284,7.255355358123779
9285,8.853055000305176
9286,9.790340423583984
9287,9.188044548034668
9288,14.071905136108398
9289,6.174718856811523
9290,6.14661169052124
9291,6.412520885467529
9292,8.471163749694824
9293,8.085206985473633
9294,6.8760085105896
9295,8.533889770507812
9296,9.201445579528809
9297,6.250380039215088
9298,10.050821304321289
9299,7.851583480834961
9300,8.590834617614746
9301,7.265192985534668
9302,7.924083709716797
9303,6.679441928863525
9304,7.914824962615967
9305,6.539586067199707
9306,5.549393653869629
9307,8.561659812927246
9308,9.644013404846191
9309,12.150993347167969
9310,5.565003395080566
9311,6.925886631011963
9312,13.047621726989746
9313,7.7989068031311035
9314,6.781828880310059
9315,6.532859802246094
9316,5.947501182556152
9317,5.16730260848999
9318,8.895655632019043
9319,9.814672470092773
9320,8.743509292602539
9321,8.665897369384766
9322,7.438452243804932
9323,8.201820373535156
9324,12.981452941894531
9325,8.344106674194336
9326,6.673216819763184
9327,7.109618663787842
9328,10.756007194519043
9329,10.412858009338379
9330,6.721352577209473
9331,10.12881088256836
9332,6.760397434234619
9333,9.479532241821289
9334,11.92718505859375
9335,7.302322864532471
9336,6.483206272125244
9337,8.7324800491333
9338,12.477686882019043
9339,9.990406036376953
9340,6.978082656860352
9341,8.794670104980469
9342,10.760689735412598
9343,8.654521942138672
9344,9.09912395477295
9345,8.252396583557129
9346,9.363807678222656
9347,8.711143493652344
9348,8.200202941894531
9349,7.093541622161865
9350,8.023736953735352
9351,7.965449333190918
9352,8.701544761657715
9353,9.065993309020996
9354,6.171414852142334
9355,7.452200412750244
9356,8.912040710449219
9357,8.026738166809082
9358,11.726816177368164
9359,8.657820701599121
9360,9.808055877685547
9361,8.115180015563965
9362,7.519874095916748
9363,8.913226127624512
9364,9.846632957458496
9365,10.226667404174805
9366,10.169723510742188
9367,8.982985496520996
10668,8.58253002166748
10669,9.052602767944336
10670,6.242794990539551
10671,9.433122634887695
10672,11.867104530334473
10673,8.330987930297852
10674,10.224371910095215
10675,7.317977428436279
10676,7.9078264236450195
10677,6.732146263122559
10678,6.600783348083496
10679,8.157044410705566
10680,6.75358247756958
10681,11.401843070983887
10682,6.093101978302002
10683,8.602229118347168
10684,18.644651412963867
10685,9.826690673828125
10686,7.652503490447998
10687,9.224510192871094
10688,5.793724536895752
10689,8.691736221313477
10690,6.559885025024414
10691,9.327821731567383
10692,6.299815654754639
10693,10.064326286315918
10694,7.887974739074707
10695,7.226573467254639
10696,7.568525314331055
10697,8.965895652770996
10698,5.802004337310791
10699,8.092596054077148
10700,8.219366073608398
10701,7.757876873016357
10702,7.440785884857178
10703,8.111123085021973
10704,11.106245994567871
10705,9.784603118896484
10706,9.549338340759277
10707,9.63356876373291
10708,7.923806667327881
10709,8.911049842834473
10710,13.402560234069824
10711,8.457399368286133
10712,11.337299346923828
10713,6.879922866821289
10714,6.474085330963135
10715,8.971312522888184
10716,8.812089920043945
10717,10.83150577545166
10718,7.769467353820801
10719,9.326753616333008
10720,9.243456840515137
10721,11.047371864318848
10722,6.2932047843933105
10723,10.356950759887695
10724,7.433140277862549
10725,10.253007888793945
10726,9.645927429199219
10727,7.8879714012146
10728,11.512840270996094
10729,9.02164077758789
10730,10.310025215148926
10731,8.450067520141602
10732,10.188484191894531
10733,8.365032196044922
10734,7.678446292877197
10735,13.744231224060059
10736,8.634414672851562
10737,7.071408271789551
10738,8.030253410339355
10739,11.284873008728027
10740,9.090643882751465
10741,16.05267333984375
10742,7.578270435333252
10743,9.026073455810547
10744,9.025471687316895
10745,7.745235919952393
10746,7.16085147857666
10747,9.165690422058105
10748,6.359795570373535
10749,6.107560157775879
10750,9.45641040802002
10751,10.07229995727539
10752,6.776047706604004
10753,8.615816116333008
10754,8.609240531921387
10755,9.632333755493164
10756,8.798102378845215
10757,8.298755645751953
10758,8.431475639343262
10759,6.436015605926514
10760,14.028112411499023
10761,8.192787170410156
10762,10.726993560791016
10763,6.772915363311768
10764,6.642858028411865
10765,9.17844295501709
10766,7.49989128112793
10767,7.240406036376953
10768,5.9590277671813965
10769,9.775002479553223
10770,10.863692283630371
10771,6.754175662994385
10772,7.553937911987305
10773,6.767670154571533
10774,7.598556995391846
10775,13.238380432128906
10776,9.455658912658691
10777,7.523281574249268
10778,8.081153869628906
10779,11.204885482788086
10780,7.135583877563477
10781,10.993139266967773
10782,9.36164379119873
10783,6.413524150848389
10784,10.468510627746582
10785,8.361106872558594
10786,10.134267807006836
10787,7.647933483123779
10788,7.970875263214111
10789,11.669501304626465
10790,14.258415222167969
10791,6.540449142456055
10792,8.120490074157715
10793,9.711934089660645
10794,10.046802520751953
10795,6.5629563331604
10796,9.315972328186035
10797,10.637524604797363
10798,8.298307418823242
10799,8.586607933044434
10800,10.354618072509766
10801,8.735651969909668
10802,10.240715026855469
10803,7.954723834991455
10804,8.950836181640625
10805,8.969095230102539
10806,7.3968024253845215
10807,8.890607833862305
10808,7.638461589813232
12098,9.809185981750488
12099,14.143363952636719
12100,10.655970573425293
12101,7.167582035064697
12102,7.494184970855713
12103,7.7665486335754395
12104,7.467040538787842
12105,8.023200988769531
12106,6.4203596115112305
12107,9.70805549621582
12108,12.257920265197754
12109,7.423325538635254
12110,9.823105812072754
12111,10.514154434204102
12112,7.335805892944336
12113,10.271329879760742
12114,6.209489822387695
12115,6.726507186889648
12116,9.304039001464844
12117,13.025979995727539
12118,8.960119247436523
12119,12.779766082763672
12120,12.63367748260498
12121,10.38475513458252
12122,8.000930786132812
12123,6.689735412597656
12124,11.960441589355469
12125,6.720345497131348
12126,8.458418846130371
12127,8.974907875061035
12128,9.594217300415039
12129,6.127655982971191
12130,11.086868286132812
12131,12.108057022094727
12132,7.601729869842529
12133,9.046649932861328
12134,9.984720230102539
12135,10.256088256835938
12136,9.688831329345703
12137,8.508764266967773
12138,6.489776611328125
12139,5.797534942626953
12140,9.894505500793457
12141,8.063660621643066
12142,7.906571388244629
12143,6.108809947967529
12144,10.125080108642578
12145,6.789663791656494
12146,10.084389686584473
12147,6.0226874351501465
12148,7.176535129547119
12149,9.525551795959473
12150,9.90945816040039
12151,11.47707748413086
12152,7.969797611236572
12153,7.068131923675537
12154,7.339977741241455
12155,6.017484664916992
12156,11.470427513122559
12157,9.248960494995117
12158,8.109519958496094
12159,8.538897514343262
12160,9.273650169372559
12161,8.421632766723633
12162,7.840249061584473
12163,6.998186111450195
12164,10.91824722290039
12165,8.536630630493164
12166,9.717489242553711
12167,6.1479315757751465
12168,5.158061504364014
12169,8.117799758911133
12170,10.214971542358398
12171,6.913481712341309
12172,12.768905639648438
12173,7.806750774383545
12174,7.4675517082214355
12175,6.506669998168945
12176,8.286491394042969
12177,5.615306377410889
12178,11.257915496826172
12179,7.837313652038574
12180,7.818149089813232
12181,6.609601020812988
12182,10.476040840148926
12183,8.695015907287598
12184,8.175704956054688
12185,9.364381790161133
12186,5.567873954772949
12187,8.225875854492188
12188,13.452231407165527
12189,9.168134689331055
12190,8.821172714233398
12191,9.338301658630371
12192,9.703083038330078
12193,8.092020988464355
12194,9.150679588317871
12195,10.130553245544434
12196,8.148918151855469
12197,10.880271911621094
12198,9.847284317016602
12199,11.436359405517578
12200,10.644087791442871
12201,10.432971000671387
12202,7.508358001708984
12203,10.894220352172852
12204,8.7041654586792
12205,13.495171546936035
12206,5.449620723724365
12207,10.246081352233887
12208,9.517637252807617
12209,7.8705735206604
12210,10.048198699951172
12211,5.90503454208374
12212,10.637773513793945
12213,11.175080299377441
12214,6.992485523223877
12215,10.150930404663086
12216,9.347823143005371
12217,9.111798286437988
12218,13.070844650268555
12219,8.434837341308594
12220,8.3277587890625
12221,7.525200843811035
12222,11.157663345336914
12223,8.585692405700684
12224,8.381945610046387
12225,9.241949081420898
12226,9.601903915405273
12227,8.425503730773926
12228,9.473624229431152
12229,8.321178436279297
12230,8.939607620239258
12231,9.319040298461914
12232,11.689552307128906
12233,6.913159370422363
12234,10.769822120666504
12235,8.23094367980957
12236,7.225852966308594
12237,9.240960121154785
12238,10.314696311950684
12239,13.70749568939209
12240,6.572213649749756
12241,9.385128021240234
12242,9.051149368286133
12243,9.068598747253418
12244,9.114614486694336
12245,9.94552230834961
12246,13.657487869262695
12247,4.50758171081543
12248,8.551406860351562
13512,10.054976463317871
13513,10.44603157043457
13514,8.782987594604492
13515,6.176740646362305
13516,8.120084762573242
13517,8.046039581298828
13518,10.780715942382812
13519,5.692604064941406
13520,9.615942001342773
13521,9.331358909606934
13522,8.785745620727539
13523,8.906411170959473
13524,8.975533485412598
13525,7.801101207733154
13526,10.114181518554688
13527,8.817439079284668
13528,7.771124839782715
13529,10.657392501831055
13530,10.022398948669434
13531,6.823627948760986
13532,7.495619773864746
13533,7.641012191772461
13534,8.239326477050781
13535,8.921419143676758
13536,10.701236724853516
13537,11.799638748168945
13538,7.571216583251953
13539,8.54101848602295
13540,8.803372383117676
13541,11.63040542602539
13542,9.715065956115723
13543,9.613137245178223
13544,9.563857078552246
13545,6.75367546081543
13546,9.084083557128906
13547,7.0317702293396
13548,6.821845054626465
13549,14.710124015808105
13550,11.89438533782959
13551,7.756383895874023
13552,10.198616981506348
13553,7.316195487976074
13554,13.354480743408203
13555,11.607236862182617
13556,7.487120151519775
13557,10.451214790344238
13558,8.480864524841309
13559,10.997082710266113
13560,8.303564071655273
13561,12.978726387023926
13562,7.340484619140625
13563,9.606757164001465
13564,7.166386127471924
13565,8.680047988891602
13566,9.49293327331543
13567,8.723278045654297
13568,13.79873275756836
13569,6.770662307739258
13570,12.321409225463867
13571,14.321879386901855
13572,9.018743515014648
13573,9.928328514099121
13574,11.054790496826172
13575,7.921988487243652
13576,8.83229923248291
13577,10.828191757202148
13578,7.713850975036621
13579,7.729045867919922
13580,6.045990467071533
13581,9.590539932250977
13582,7.098973751068115
13583,8.662918090820312
13584,8.893146514892578
13585,8.544011116027832
13586,8.441839218139648
13587,11.597705841064453
13588,7.574766635894775
13589,8.620794296264648
13590,7.350860118865967
13591,10.544035911560059
13592,11.2310791015625
13593,13.174717903137207
13594,10.030003547668457
13595,10.561433792114258
13596,11.111923217773438
13597,9.432310104370117
13598,5.391802787780762
13599,9.959566116333008
13600,14.339985847473145
13601,8.804388999938965
13602,7.329069137573242
13603,10.447179794311523
13604,9.472397804260254
13605,8.905893325805664
13606,12.446218490600586
13607,7.957849502563477
13608,6.576106071472168
13609,9.758941650390625
13610,10.803747177124023
13611,8.370399475097656
13612,13.66402816772461
13613,7.476375579833984
13614,13.424159049987793
13615,8.295120239257812
13616,10.944568634033203
13617,8.88180160522461
13618,9.892332077026367
13619,9.348807334899902
13620,11.851582527160645
13621,10.659639358520508
13622,11.683212280273438
13623,7.975434303283691
13624,10.492759704589844
13625,9.164983749389648
13626,7.047847747802734
13627,9.261116981506348
13628,10.927576065063477
13629,10.68840217590332
13630,10.04645824432373
13631,10.38077449798584
13632,8.323160171508789
13633,8.5778226852417
13634,9.760920524597168
13635,8.50654125213623
13636,9.542902946472168
13637,9.520818710327148
13638,8.144403457641602
13639,11.043548583984375
13640,8.889100074768066
13641,11.801826477050781
13642,8.137686729431152
13643,11.490110397338867
13644,10.922004699707031
13645,11.129891395568848
13646,6.989752769470215
13647,9.699012756347656
13648,9.495112419128418
13649,8.303506851196289
13650,10.850844383239746
15004,11.911795616149902
15005,9.3526029586792
15006,9.303997039794922
15007,11.90334415435791
15008,8.100821495056152
15009,11.002869606018066
15010,12.237469673156738
15011,8.570734977722168
15012,9.887765884399414
15013,8.558425903320312
15014,10.784789085388184
15015,8.358919143676758
15016,12.524831771850586
15017,5.4644293785095215
15018,12.78631591796875
15019,11.03014850616455
15020,9.401700973510742
15021,12.841015815734863
15022,7.423451900482178
15023,11.427772521972656
15024,11.727052688598633
15025,10.52857780456543
15026,9.562591552734375
15027,7.053284645080566
15028,11.150469779968262
15029,7.0739641189575195
15030,9.246142387390137
15031,10.061980247497559
15032,9.494172096252441
15033,10.495835304260254
15034,8.514399528503418
15035,8.085447311401367
15036,7.904340744018555
15037,8.731493949890137
15038,8.825777053833008
15039,9.758808135986328
15040,8.474746704101562
15041,8.430004119873047
15042,14.36100959777832
15043,8.276670455932617
15044,8.717616081237793
15045,6.799707889556885
15046,5.838928699493408
15047,10.696131706237793
15048,9.565705299377441
15049,7.928028106689453
15050,9.742643356323242
15051,7.1099748611450195
15052,7.693476676940918
15053,9.294949531555176
15054,13.618393898010254
15055,5.730173110961914
15056,10.678581237792969
15057,8.566984176635742
15058,8.105567932128906
15059,10.43754768371582
15060,10.461112976074219
15061,11.346704483032227
15062,8.048528671264648
15063,7.636007308959961
15064,8.44286823272705
15065,8.404378890991211
15066,11.692750930786133
15067,8.16882038116455
15068,13.412606239318848
15069,11.906805992126465
15070,7.899524688720703
15071,11.011258125305176
15072,8.755890846252441
15073,9.344521522521973
15074,7.914506912231445
15075,9.89136791229248
15076,5.7668232917785645
15077,8.719940185546875
15078,8.86642837524414
15079,9.884637832641602
15080,5.908079147338867
15081,9.294942855834961
15082,7.493643760681152
15083,9.055256843566895
15084,9.962646484375
15085,7.706715106964111
15086,11.323038101196289
15087,10.131036758422852
15088,6.487968921661377
15089,7.751507759094238
15090,7.758524417877197
15091,9.145376205444336
15092,9.28637409210205
15093,9.429381370544434
15094,7.058478832244873
15095,9.679245948791504
15096,7.41365909576416
15097,9.166221618652344
15098,7.392191410064697
15099,9.179686546325684
15100,7.604992866516113
15101,7.550823211669922
15102,8.040390014648438
15103,7.108338832855225
15104,10.618453979492188
15105,13.344428062438965
15106,6.828672409057617
15107,9.931063652038574
15108,8.263775825500488
15109,9.142265319824219
15110,9.17788028717041
15111,9.873560905456543
15112,11.032108306884766
15113,8.955742835998535
15114,12.659770011901855
15115,8.224306106567383
15116,10.855596542358398
15117,7.759716033935547
15118,10.55176067352295
15119,9.370250701904297
15120,9.564537048339844
15121,6.648552894592285
15122,8.009655952453613
15123,9.242698669433594
15124,6.4038825035095215
15125,8.286491394042969
15126,10.721739768981934
15127,8.563969612121582
15128,6.583779811859131
15129,10.424272537231445
15130,7.8076701164245605
15131,9.479558944702148
15132,6.467103958129883
15133,6.9784722328186035
15134,8.78111743927002
16344,6.073799133300781
16345,6.728231430053711
16346,8.905046463012695
16347,15.260705947875977
16348,10.496925354003906
16349,13.790069580078125
16350,6.747532844543457
16351,9.625361442565918
16352,8.815979957580566
16353,8.529193878173828
16354,6.456122398376465
16355,10.72297477722168
16356,7.142452716827393
16357,9.126076698303223
16358,7.7620415687561035
16359,9.72164535522461
16360,9.58885383605957
16361,14.837932586669922
16362,11.054728507995605
16363,7.577151775360107
16364,7.446230888366699
16365,7.579249858856201
16366,7.687056541442871
16367,9.622681617736816
16368,10.677338600158691
16369,9.47705364227295
16370,9.47570514678955
16371,7.43732213973999
16372,8.064823150634766
16373,8.429847717285156
16374,7.413516521453857
16375,12.529972076416016
16376,7.561835289001465
16377,8.171220779418945
16378,10.447931289672852
16379,10.489888191223145
16380,8.276101112365723
16381,10.964106559753418
16382,11.528177261352539
16383,8.628951072692871
16384,9.31503963470459
16385,11.885618209838867
16386,10.054778099060059
16387,9.319578170776367
16388,6.757470607757568
16389,8.399182319641113
16390,8.453971862792969
16391,15.6023588180542
16392,10.1199369430542
16393,8.291603088378906
16394,9.758951187133789
16395,9.23085880279541
16396,8.62199878692627
16397,11.990544319152832
16398,10.514543533325195
16399,8.590325355529785
16400,7.661134243011475
16401,10.23996353149414
16402,5.372412204742432
16403,9.299062728881836
16404,7.135193347930908
16405,9.620152473449707
16406,8.05650806427002
16407,7.699709415435791
16408,7.7958478927612305
16409,11.658137321472168
16410,7.722803592681885
16411,8.622603416442871
16412,11.729179382324219
16413,6.985661506652832
16414,10.026331901550293
16415,10.195379257202148
16416,10.148604393005371
16417,13.504144668579102
16418,9.48464584350586
16419,7.3739447593688965
16420,8.483261108398438
16421,6.217151165008545
16422,9.676451683044434
16423,14.19385814666748
16424,9.015080451965332
16425,9.962108612060547
16426,8.227081298828125
16427,8.160154342651367
16428,8.842653274536133
16429,14.690356254577637
16430,8.61070728302002
16431,10.398993492126465
16432,8.499397277832031
16433,7.634674549102783
16434,8.802431106567383
16435,18.12896728515625
16436,9.552391052246094
16437,9.863503456115723
16438,10.154072761535645
16439,11.9432954788208
16440,9.828027725219727
16441,8.659135818481445
16442,7.102175712585449
16443,10.464755058288574
16444,7.126439571380615
16445,12.630122184753418
16446,9.547566413879395
16447,9.254642486572266
16448,10.40036392211914
16449,7.805007457733154
16450,6.475363254547119
16451,6.2817535400390625
16452,12.730603218078613
16453,13.68415355682373
16454,7.061741828918457
16455,8.541420936584473
16456,8.794322967529297
16457,12.064565658569336
16458,10.04755687713623
16459,8.076266288757324
16460,11.010311126708984
16461,10.525437355041504
16462,9.957327842712402
16463,11.516618728637695
16464,7.798206806182861
16465,7.8659563064575195
16466,8.466800689697266
16467,6.616428375244141
16468,6.383437633514404
17789,13.967101097106934
17790,8.892720222473145
17791,6.577183723449707
17792,8.706406593322754
17793,9.199359893798828
17794,8.922988891601562
17795,7.60767936706543
17796,9.86229419708252
17797,9.324122428894043
17798,9.395142555236816
17799,8.765206336975098
17800,10.561766624450684
17801,7.335829257965088
17802,9.429402351379395
17803,7.527930736541748
17804,9.960926055908203
17805,7.6375579833984375
17806,10.361091613769531
17807,8.82337760925293
17808,7.288440227508545
17809,5.9239373207092285
17810,12.382169723510742
17811,9.903546333312988
17812,9.497815132141113
17813,7.558010101318359
17814,8.835833549499512
17815,5.9962921142578125
17816,8.34109878540039
17817,5.307066917419434
17818,10.98425006866455
17819,5.757559299468994
17820,6.4193434715271
17821,10.416827201843262
17822,12.739205360412598
17823,4.81231689453125
17824,8.653815269470215
17825,6.439040660858154
17826,8.70943546295166
17827,10.882194519042969
17828,7.699161529541016
17829,11.408918380737305
17830,6.58281946182251
17831,9.201127052307129
17832,6.737949371337891
17833,7.906177043914795
17834,9.796923637390137
17835,7.393700122833252
17836,7.178164005279541
17837,10.398853302001953
17838,11.305947303771973
17839,9.64581298828125
17840,10.106756210327148
17841,8.48137092590332
17842,8.680580139160156
17843,14.740570068359375
17844,9.733672142028809
17845,8.476032257080078
17846,11.002366065979004
17847,7.932682514190674
17848,7.0698676109313965
17849,7.369973182678223
17850,8.078363418579102
17851,8.126155853271484
17852,9.252201080322266
17853,7.930214881896973
17854,9.846996307373047
17855,9.827410697937012
17856,11.548468589782715
17857,9.050926208496094
17858,12.12740707397461
17859,6.577330112457275
17860,11.746111869812012
17861,7.073471546173096
17862,9.191455841064453
17863,8.584667205810547
17864,8.016899108886719
17865,8.337672233581543
17866,10.22004222869873
17867,7.079485893249512
17868,9.738045692443848
17869,11.330135345458984
17870,11.415292739868164
17871,7.654294013977051
17872,7.176962375640869
17873,7.640549182891846
17874,13.390175819396973
17875,8.679155349731445
17876,9.491158485412598
17877,6.371332168579102
17878,9.643939018249512
17879,9.769640922546387
17880,8.707846641540527
17881,10.297406196594238
17882,10.461421966552734
17883,11.352887153625488
17884,6.591911792755127
17885,7.460816860198975
17886,8.79564094543457
17887,9.074023246765137
17888,9.458223342895508
17889,8.22700309753418
17890,11.194454193115234
17891,8.477457046508789
17892,7.881864070892334
17893,11.277477264404297
17894,11.858941078186035
17895,6.04358434677124
17896,6.57807731628418
17897,10.414406776428223
17898,8.761371612548828
17899,9.07463264465332
17900,6.508876323699951
17901,7.572693824768066
17902,13.746895790100098
17903,9.91073226928711
17904,7.953164100646973
17905,11.15748119354248
17906,10.265053749084473
17907,7.308640480041504
17908,4.465481758117676
17909,9.771139144897461
17910,10.858553886413574
17911,7.754182815551758
17912,6.610058784484863
17913,7.483048439025879
17914,6.853013038635254
17915,10.220314025878906
17916,7.292311191558838
17917,8.305538177490234
17918,9.78024673461914
17919,8.274625778198242
17920,7.765237331390381
17921,7.37113094329834
17922,12.502700805664062
17923,8.164289474487305
17924,10.057901382446289
17925,7.715421676635742
17926,14.646129608154297
17927,7.167581558227539
17928,7.158732891082764
17929,7.9156270027160645
17930,8.545745849609375
17931,8.30112361907959
17932,8.91590404510498
17933,8.709184646606445
17934,9.52461051940918
17935,6.827114582061768
17936,7.990504741668701
17937,10.274903297424316
17938,9.838882446289062
17939,8.279479026794434
17940,9.05478572845459
17941,10.807247161865234
17942,9.803611755371094
17943,8.99797248840332
17944,8.116100311279297
19259,7.776090621948242
19260,8.502774238586426
19261,9.148189544677734
19262,8.416285514831543
19263,12.435415267944336
19264,7.084446907043457
19265,7.298318386077881
19266,5.001164436340332
19267,7.353113174438477
19268,9.831398963928223
19269,7.512606620788574
19270,10.16080379486084
19271,7.96297550201416
19272,8.394466400146484
19273,7.4932074546813965
19274,9.919662475585938
19275,7.5334014892578125
19276,7.197527885437012
19277,6.315207004547119
19278,9.387880325317383
19279,6.107063293457031
19280,6.96220064163208
19281,8.258432388305664
19282,7.458381652832031
19283,12.58449649810791
19284,9.335192680358887
19285,11.240882873535156
19286,14.235897064208984
19287,8.132246017456055
19288,7.373532772064209
19289,13.075822830200195
19290,8.757798194885254
19291,9.646037101745605
19292,8.645691871643066
19293,7.6232194900512695
19294,9.845467567443848
19295,11.336146354675293
19296,9.723213195800781
19297,5.775625705718994
19298,12.74405574798584
19299,9.226234436035156
19300,9.36462688446045
19301,7.92373514175415
19302,6.519166469573975
19303,7.856967449188232
19304,6.163304805755615
19305,9.956863403320312
19306,10.164802551269531
19307,10.597359657287598
19308,6.677321910858154
19309,7.474857807159424
19310,8.80883502960205
19311,9.532366752624512
19312,7.566164493560791
19313,7.951047420501709
19314,10.385188102722168
19315,7.577051639556885
19316,8.728906631469727
19317,7.731493949890137
19318,7.638774394989014
19319,9.109114646911621
19320,15.464775085449219
19321,8.026167869567871
19322,8.324569702148438
19323,8.566825866699219
19324,6.281017780303955
19325,8.469825744628906
19326,8.869271278381348
19327,9.480951309204102
19328,9.092966079711914
19329,10.477184295654297
19330,8.197562217712402
19331,6.282577991485596
19332,11.540009498596191
19333,9.430185317993164
19334,9.842689514160156
19335,10.371617317199707
19336,8.466142654418945
19337,9.291872024536133
19338,6.423554420471191
19339,6.160829544067383
19340,18.334829330444336
19341,10.582629203796387
19342,9.269876480102539
19343,8.137989044189453
19344,9.215356826782227
19345,10.078035354614258
19346,10.342217445373535
19347,10.685469627380371
19348,8.748832702636719
19349,10.771631240844727
19350,8.302209854125977
19351,5.857090473175049
19352,6.006661891937256
19353,9.67758560180664
19354,9.719508171081543
19355,7.4978461265563965
19356,8.352994918823242
19357,8.161444664001465
19358,10.791746139526367
19359,9.533535957336426
19360,6.584015846252441
19361,8.758065223693848
19362,9.095511436462402
19363,6.92169713973999
19364,9.561450958251953
19365,10.017317771911621
19366,8.338310241699219
19367,6.117185592651367
19368,9.808661460876465
19369,7.471521377563477
19370,5.102845668792725
19371,8.783401489257812
19372,9.949451446533203
19373,5.746432781219482
19374,9.242181777954102
19375,11.038430213928223
19376,7.700893402099609
19377,11.803969383239746
19378,11.693374633789062
19379,8.618515014648438
19380,7.276408672332764
19381,10.450847625732422
19382,11.15533447265625
19383,10.428631782531738
19384,8.53454875946045
19385,4.942348003387451
19386,7.959979057312012
19387,10.539037704467773
19388,6.930362224578857
19389,8.904207229614258
19390,8.754586219787598
19391,9.762025833129883
19392,6.303158283233643
19393,7.412815093994141
19394,11.398578643798828
19395,8.733685493469238
19396,9.80735969543457
19397,8.274361610412598
19398,8.603384971618652
19399,8.298102378845215
19400,7.231915473937988
19401,6.817851543426514
20020,7.867136478424072
20021,8.987669944763184
20022,6.341729640960693
20023,6.284958839416504
20024,8.885425567626953
20025,8.345636367797852
20026,10.759142875671387
20027,7.903820514678955
20028,11.664196968078613
20029,7.915463447570801
20030,5.298614025115967
20031,11.63654899597168
20032,9.424839973449707
20033,10.32365894317627
20034,10.583900451660156
20035,8.1470947265625
20036,7.838627815246582
20037,7.37984561920166
20038,10.76011848449707
20039,7.691067218780518
20040,10.829456329345703
20041,8.833979606628418
20042,12.382789611816406
20043,6.439177513122559
20044,10.251800537109375
20045,9.707175254821777
20046,9.7478609085083
20047,8.128089904785156
20048,9.677968978881836
20049,8.504654884338379
20050,11.46213150024414
20051,9.03247356414795
20052,5.771029949188232
20053,11.972125053405762
20054,10.224509239196777
20055,7.246318340301514
20056,8.388716697692871
20057,12.198148727416992
20058,9.285208702087402
20059,5.461119651794434
20060,10.233720779418945
20061,9.039627075195312
20062,7.435552597045898
20063,9.669203758239746
20064,7.6180806159973145
20065,7.693821430206299
20066,11.353472709655762
20067,10.523452758789062
20068,12.242671966552734
20069,8.698731422424316
20070,7.3534722328186035
20071,8.11149787902832
20072,10.357216835021973
20073,10.31585693359375
20074,7.386392593383789
20075,8.296239852905273
20076,7.329348087310791
20077,9.93185806274414
20078,7.744323253631592
20079,8.666595458984375
20080,9.285194396972656
20081,8.811664581298828
20082,7.996129512786865
20083,7.130098819732666
20084,13.873435020446777
20085,10.172112464904785
20086,11.346837043762207
20087,8.136465072631836
20088,10.109410285949707
20089,6.930463790893555
21360,7.570470809936523
21361,8.357025146484375
21362,6.719253063201904
21363,10.325486183166504
21364,6.687292098999023
21365,10.461634635925293
21366,11.568984031677246
21367,5.770496368408203
21368,8.452770233154297
21369,16.313335418701172
21370,10.432249069213867
21371,10.259743690490723
21372,7.681057453155518
21373,7.370392322540283
21374,8.405464172363281
21375,8.453364372253418
21376,8.610811233520508
21377,7.530291557312012
21378,8.697586059570312
21379,6.6298041343688965
21380,12.573478698730469
21381,6.791741847991943
21382,9.196846961975098
21383,11.968768119812012
21384,10.467055320739746
21385,8.876965522766113
21386,9.30583381652832
21387,11.722132682800293
21388,7.056721210479736
21389,13.153974533081055
21390,12.085173606872559
21391,7.896308422088623
21392,10.053309440612793
21393,7.325242519378662
21394,8.350654602050781
21395,11.798105239868164
21396,8.73701000213623
21397,8.35767936706543
21398,7.0416436195373535
21399,8.507344245910645
21400,10.381781578063965
21401,11.453981399536133
21402,12.800857543945312
21403,8.426973342895508
21404,9.166058540344238
21405,8.483602523803711
21406,9.403152465820312
21407,6.377699851989746
21408,5.66569709777832
21409,7.5003581047058105
21410,9.438448905944824
21411,12.083117485046387
21412,9.399831771850586
21413,8.483314514160156
21414,5.003946781158447
21415,9.723857879638672
21416,9.280506134033203
21417,8.896316528320312
21418,6.499609470367432
21419,9.842255592346191
21420,10.39074993133545
21421,9.104815483093262
21422,8.651067733764648
21423,10.72329330444336
21424,10.535307884216309
21425,7.429134368896484
21426,11.251090049743652
21427,7.015965461730957
21428,10.763460159301758
21429,9.763101577758789
21430,9.119547843933105
21431,12.165526390075684
21432,9.873960494995117
21433,6.6702680587768555
21434,13.97296142578125
21435,6.35064172744751
21436,7.431229591369629
21437,11.591971397399902
21438,8.37582015991211
21439,11.239409446716309
21440,7.162898063659668
21441,6.933619499206543
21442,10.817408561706543
21443,8.675881385803223
21444,8.804274559020996
21445,8.536273956298828
21446,6.955867290496826
21447,6.596017837524414
21448,6.513575553894043
21449,6.562833309173584
21450,7.306265830993652
21451,9.743958473205566
21452,14.142287254333496
21453,8.407670974731445
21454,8.471957206726074
21455,9.638075828552246
21456,8.18802261352539
21457,7.353334426879883
21458,9.558361053466797
21459,11.047493934631348
21460,7.606164932250977
21461,11.743412971496582
21462,12.838656425476074
21463,8.564118385314941
21464,8.48338508605957
21465,9.346474647521973
21466,9.65179443359375
21467,6.81041955947876
21468,9.364078521728516
21469,7.917332172393799
21470,9.10857105255127
21471,10.622539520263672
21472,11.716717720031738
21473,11.347525596618652
21474,14.531839370727539
21475,10.362337112426758
21476,7.964792728424072
21477,10.539219856262207
21478,9.663431167602539
21479,7.9312944412231445
21480,8.56379508972168
21481,9.502594947814941
21482,6.554933071136475
21483,13.024479866027832
21484,11.596022605895996
21485,10.450920104980469
21486,11.028948783874512
21487,7.224179744720459
21488,9.273444175720215
21489,10.710488319396973
21490,6.659238815307617
21491,9.274895668029785
21492,7.575416088104248
21493,7.184979438781738
21494,8.980104446411133
21495,8.982213973999023
21496,6.858719348907471
21497,5.89337158203125
21498,5.598141670227051
21499,7.7083234786987305
21500,8.285772323608398
21501,8.586000442504883
22800,7.818602085113525
22801,8.166481971740723
22802,10.487360000610352
22803,10.218738555908203
22804,6.098894119262695
22805,8.623261451721191
22806,11.841269493103027
22807,9.921226501464844
22808,8.716556549072266
22809,12.372265815734863
22810,9.563647270202637
22811,7.009870529174805
22812,10.836729049682617
22813,7.031396865844727
22814,6.937037467956543
22815,10.53735065460205
22816,11.394606590270996
22817,10.694116592407227
22818,12.738100051879883
22819,9.407548904418945
22820,12.500137329101562
22821,8.29168701171875
22822,9.328482627868652
22823,9.899895668029785
22824,8.654119491577148
22825,11.150301933288574
22826,8.905380249023438
22827,11.118813514709473
22828,9.409173011779785
22829,9.41232681274414
22830,11.35695743560791
22831,8.587101936340332
22832,8.625323295593262
22833,6.702962398529053
22834,11.01486873626709
22835,5.985283851623535
22836,8.838911056518555
22837,7.786015033721924
22838,13.87330150604248
22839,6.699760437011719
22840,11.743949890136719
22841,10.208736419677734
22842,7.8102126121521
22843,8.698975563049316
22844,7.431313991546631
22845,7.934380054473877
22846,8.513298034667969
22847,11.132922172546387
22848,7.839268684387207
22849,8.332218170166016
22850,8.02288818359375
22851,11.696236610412598
22852,7.07413911819458
22853,7.757036209106445
22854,9.002854347229004
22855,8.977234840393066
22856,10.697382926940918
22857,12.545205116271973
22858,10.948779106140137
22859,12.032885551452637
22860,10.113626480102539
22861,10.479079246520996
22862,7.9303812980651855
22863,9.774240493774414
22864,9.209639549255371
22865,9.501049995422363
22866,8.523476600646973
22867,7.442419052124023
22868,7.237229824066162
22869,12.833075523376465
22870,13.985466003417969
22871,10.072036743164062
22872,9.685298919677734
22873,10.064789772033691
22874,8.123563766479492
22875,11.092439651489258
22876,7.812171459197998
22877,8.561117172241211
22878,11.30886459350586
22879,7.88118839263916
22880,10.923348426818848
22881,10.538420677185059
22882,5.787490367889404
22883,6.049703598022461
22884,10.353361129760742
22885,12.4614839553833
22886,8.132120132446289
22887,11.69284725189209
22888,10.689516067504883
22889,8.77919864654541
22890,8.86707592010498
22891,10.217157363891602
22892,8.060516357421875
22893,7.606875419616699
22894,6.092579364776611
22895,9.323508262634277
22896,10.484580993652344
22897,9.139666557312012
22898,7.66118049621582
22899,15.5954008102417
22900,10.46722412109375
22901,11.800654411315918
22902,11.382277488708496
22903,7.264869213104248
22904,9.974828720092773
22905,8.600004196166992
22906,9.180596351623535
22907,7.5487213134765625
22908,9.538911819458008
22909,10.681187629699707
22910,8.053354263305664
22911,7.070595741271973
22912,9.243231773376465
22913,8.114215850830078
22914,10.119698524475098
22915,10.727466583251953
22916,7.490925312042236
22917,11.400005340576172
22918,14.278812408447266
22919,7.683460235595703
22920,6.709921360015869
22921,7.974159240722656
22922,12.097624778747559
22923,10.891509056091309
22924,10.835894584655762
22925,11.678912162780762
22926,6.5192551612854
22927,6.3149590492248535
22928,7.785190105438232
22929,7.109525203704834
22930,12.056389808654785
22931,8.364212036132812
22932,12.817660331726074
22933,6.38206672668457
22934,6.304055213928223
22935,7.068996429443359
22936,10.842923164367676
22937,10.761425971984863
22938,6.951751232147217
22939,8.8524751663208
22940,8.430828094482422
22941,10.701106071472168
22942,10.342987060546875
22943,6.469874382019043
22944,10.748475074768066
22945,10.403300285339355
22946,9.864723205566406
22947,9.165799140930176
22948,8.06873893737793
22949,8.744709968566895
22950,8.122154235839844
24243,11.794548034667969
24244,6.3088884353637695
24245,6.576181888580322
24246,6.969780445098877
24247,6.921593189239502
24248,10.935111999511719
24249,10.996224403381348
24250,9.586357116699219
24251,11.643452644348145
24252,5.475625038146973
24253,11.0535306930542
24254,7.788257598876953
24255,8.141496658325195
24256,7.4824652671813965
24257,5.883580684661865
24258,8.624954223632812
24259,5.927896022796631
24260,11.813615798950195
24261,5.615942478179932
24262,9.402425765991211
24263,10.598706245422363
24264,8.763886451721191
24265,7.623716831207275
24266,8.977840423583984
24267,9.201752662658691
24268,11.036943435668945
24269,11.64840030670166
24270,10.114718437194824
24271,6.155933856964111
24272,6.570173740386963
24273,8.763508796691895
24274,11.833312034606934
24275,8.193483352661133
24276,9.266549110412598
24277,9.292679786682129
24278,9.819710731506348
24279,6.907107830047607
24280,7.958036422729492
24281,10.333839416503906
24282,7.462090969085693
24283,7.829075813293457
24284,6.57097053527832
24285,8.578648567199707
24286,7.33978271484375
24287,10.88286018371582
24288,6.4022369384765625
24289,7.929396629333496
24290,7.922530174255371
24291,9.37166690826416
24292,7.805375576019287
24293,6.851502895355225
24294,8.585380554199219
24295,7.546432018280029
24296,14.978758811950684
24297,10.41303825378418
24298,8.85023307800293
24299,10.858491897583008
24300,8.563983917236328
24301,10.600212097167969
24302,10.796010971069336
24303,9.898924827575684
24304,7.891798973083496
24305,11.994916915893555
24306,11.074285507202148
24307,7.779078483581543
24308,9.275527000427246
24309,8.872221946716309
24310,18.19923973083496
24311,11.942741394042969
24312,8.68400764465332
24313,13.083794593811035
24314,11.938597679138184
24315,10.828680992126465
24316,7.178881645202637
24317,6.626528263092041
24318,9.076021194458008
24319,7.5269622802734375
24320,9.785994529724121
24321,8.56347370147705
24322,10.233931541442871
24323,11.53034496307373
24324,8.03371810913086
24325,10.450946807861328
24326,9.761481285095215
24327,7.619219779968262
24328,10.438074111938477
24329,10.742101669311523
24330,10.160815238952637
24331,9.6181001663208
24332,11.55591106414795
24333,9.377291679382324
24334,6.891838550567627
24335,9.323817253112793
24336,9.057129859924316
24337,8.895923614501953
24338,8.6657133102417
24339,7.182204246520996
24340,10.598503112792969
24341,10.782194137573242
24342,10.260675430297852
24343,8.145520210266113
24344,8.779291152954102
24345,14.016292572021484
24346,10.290287017822266
24347,11.151741981506348
24348,9.424334526062012
24349,8.349040985107422
24350,9.853728294372559
24351,11.443314552307129
24352,8.333120346069336
24353,10.33417797088623
24354,7.309635162353516
24355,7.833171844482422
24356,7.143670558929443
24357,10.499135971069336
24358,8.021093368530273
24359,11.47403335571289
24360,11.086602210998535
24361,13.727426528930664
24362,8.9526948928833
24363,8.123525619506836
24364,9.024771690368652
24365,10.952825546264648
24366,9.274019241333008
24367,7.921908378601074
24368,10.61972427368164
24369,9.84421443939209
24370,15.995579719543457
24371,13.25748062133789
24372,9.495635032653809
24373,11.910982131958008
24374,11.851319313049316
24375,11.541044235229492
24376,9.037032127380371
24377,8.206180572509766
24378,6.084744453430176
24379,6.463413715362549
24380,7.443589210510254
24381,6.353485107421875
24382,10.386106491088867
24383,6.852819442749023
24384,8.607465744018555
24385,8.436567306518555
24386,12.634167671203613
24387,11.75348949432373
25638,10.965892791748047
25639,8.995264053344727
25640,8.044780731201172
25641,8.777803421020508
25642,11.115852355957031
25643,8.516690254211426
25644,8.555618286132812
25645,10.828571319580078
25646,7.566503524780273
25647,10.608051300048828
25648,11.312555313110352
25649,11.080458641052246
25650,15.324785232543945
25651,11.883336067199707
25652,8.57675552368164
25653,8.364980697631836
25654,9.27623176574707
25655,11.471908569335938
25656,9.360403060913086
25657,9.236459732055664
25658,8.755412101745605
25659,12.54274845123291
25660,11.956841468811035
25661,6.747152805328369
25662,8.103653907775879
25663,9.443887710571289
25664,7.254030227661133
25665,11.079752922058105
25666,11.16202163696289
25667,12.02864933013916
25668,10.211387634277344
25669,8.630402565002441
25670,8.79201889038086
25671,10.257990837097168
25672,8.320409774780273
25673,11.231298446655273
25674,10.078737258911133
25675,10.52723217010498
25676,11.96222972869873
25677,10.173145294189453
25678,9.485551834106445
25679,6.861705780029297
25680,8.560113906860352
25681,7.3571977615356445
25682,8.455615997314453
25683,10.7136812210083
25684,9.241408348083496
25685,8.201985359191895
25686,8.294374465942383
25687,8.898381233215332
25688,10.2798490524292
25689,10.122243881225586
25690,8.287694931030273
25691,7.416030406951904
25692,8.096010208129883
25693,6.965081214904785
25694,8.248634338378906
25695,10.316341400146484
25696,7.747218132019043
25697,6.8991618156433105
25698,9.131214141845703
25699,10.3691987991333
25700,12.08158016204834
25701,10.757076263427734
25702,10.05815601348877
25703,8.559818267822266
25704,9.43773365020752
25705,11.372361183166504
25706,8.931906700134277
25707,8.917271614074707
25708,10.352581024169922
25709,9.12641716003418
25710,9.607460975646973
25711,7.169410228729248
25712,7.487512111663818
25713,7.860093116760254
25714,7.668558120727539
25715,11.341756820678711
25716,8.657146453857422
25717,7.2945146560668945
25718,10.631523132324219
25719,10.049714088439941
25720,8.373666763305664
25721,6.8914289474487305
25722,8.925806999206543
25723,6.760615348815918
25724,9.5881929397583
25725,9.727471351623535
25726,6.996806621551514
25727,8.727075576782227
25728,10.70753288269043
25729,11.143203735351562
25730,8.460041046142578
25731,11.659433364868164
25732,12.327271461486816
25733,11.69550609588623
25734,9.755982398986816
25735,7.295740127563477
25736,9.264789581298828
25737,11.218401908874512
25738,14.169583320617676
25739,8.368818283081055
25740,7.838476657867432
25741,8.607598304748535
25742,16.83363151550293
25743,7.8603196144104
25744,7.522161960601807
25745,8.954726219177246
25746,10.255210876464844
25747,7.713541507720947
25748,9.656927108764648
25749,7.012136459350586
25750,6.154178142547607
25751,11.123287200927734
25752,8.704896926879883
25753,9.06488037109375
25754,8.276436805725098
25755,9.205846786499023
25756,7.146726131439209
25757,9.628352165222168
25758,10.693294525146484
25759,8.388224601745605
25760,12.821284294128418
25761,9.271196365356445
25762,9.993820190429688
25763,10.5278902053833
25764,11.607782363891602
25765,5.846914291381836
25766,6.489530563354492
25767,8.195304870605469
25768,10.957192420959473
25769,7.68349552154541
25770,11.781988143920898
25771,6.580468654632568
25772,7.477099418640137
27055,8.796195983886719
27056,5.8603434562683105
27057,7.534907341003418
27058,10.207606315612793
27059,6.295509338378906
27060,11.301193237304688
27061,7.267909526824951
27062,6.605391502380371
27063,7.643651485443115
27064,9.6393404006958
27065,5.789018154144287
27066,11.002131462097168
27067,12.519732475280762
27068,7.5144429206848145
27069,7.919037342071533
27070,7.9117817878723145
27071,12.564820289611816
27072,9.699530601501465
27073,9.282382011413574
27074,7.774975776672363
27075,7.832754611968994
27076,10.151968002319336
27077,8.617122650146484
27078,12.43202018737793
27079,6.947810173034668
27080,4.562510967254639
27081,7.5045647621154785
27082,9.612821578979492
27083,7.111423969268799
27084,10.371454238891602
27085,9.869179725646973
27086,9.26784610748291
27087,13.20539379119873
27088,10.917017936706543
27089,9.871712684631348
27090,6.911626815795898
27091,6.58636999130249
27092,10.180466651916504
27093,5.7422566413879395
27094,8.867287635803223
27095,9.292569160461426
27096,6.929477214813232
27097,26.432817459106445
27098,8.214250564575195
27099,6.621192455291748
27100,8.406206130981445
27101,12.966756820678711
27102,8.434822082519531
27103,9.581414222717285
27104,8.510566711425781
27105,12.31253719329834
27106,11.538372993469238
27107,10.59728717803955
27108,7.964946269989014
27109,12.159932136535645
27110,11.007165908813477
27111,8.226930618286133
27112,9.748011589050293
27113,12.291999816894531
27114,9.566850662231445
27115,8.318741798400879
27116,10.065264701843262
27117,12.85374641418457
27118,9.844679832458496
27119,7.029995441436768
27120,6.2827887535095215
27121,8.219072341918945
27122,9.432276725769043
27123,8.689891815185547
27124,9.469684600830078
27125,6.37722635269165
27126,9.661575317382812
27127,9.80445671081543
27128,9.18298053741455
27129,7.70947790145874
27130,8.185873031616211
27131,12.106444358825684
27132,10.840789794921875
27133,11.154694557189941
27134,6.977457046508789
27135,8.844005584716797
27136,8.030803680419922
27137,9.159394264221191
27138,13.282033920288086
27139,7.0394287109375
27140,8.653420448303223
27141,12.382494926452637
27142,8.00644302368164
27143,12.776196479797363
27144,6.583265781402588
27145,9.667163848876953
27146,6.412171840667725
27147,8.911721229553223
27148,10.979978561401367
27149,7.2091827392578125
27150,11.84701919555664
27151,9.828420639038086
27152,9.54734992980957
27153,6.2343902587890625
27154,10.696916580200195
27155,8.971418380737305
27156,7.424798488616943
27157,8.543777465820312
27158,10.279082298278809
27159,10.661667823791504
27160,7.66280460357666
27161,14.451679229736328
27162,7.330275058746338
27163,8.559041023254395
27164,7.940591335296631
27165,10.416023254394531
27166,10.117518424987793
27167,11.920366287231445
27168,6.059622764587402
27169,10.452313423156738
27170,8.659930229187012
27171,8.04648208618164
27172,7.851548671722412
27173,15.721614837646484
27174,7.540694713592529
27175,12.791029930114746
27176,5.9294843673706055
27177,9.04699420928955
27178,7.085013389587402
27179,10.700357437133789
27180,6.11790657043457
27181,5.918833255767822
27182,8.729893684387207
27183,9.4393310546875
27184,8.386459350585938
27185,7.726171016693115
27186,9.572564125061035
27187,10.443411827087402
27188,12.742119789123535
27189,9.879594802856445
27190,6.778657913208008
27191,8.339651107788086
27192,7.808672904968262
27193,8.517143249511719
27194,9.002436637878418
27195,10.580562591552734
27196,10.428351402282715
27197,10.428997039794922
27198,9.907936096191406
27199,7.481760501861572
27200,6.592097282409668
27201,6.047828674316406
27202,12.587347030639648
27203,12.578445434570312
27204,11.738249778747559
27205,12.634060859680176
27206,9.866761207580566
27207,6.101303577423096
27208,9.154179573059082
27209,12.551162719726562
27210,10.653818130493164
27211,7.461446285247803
27212,8.938385963439941
27213,11.554693222045898
27214,10.349772453308105
27215,11.581409454345703
27216,7.968990325927734
28490,7.623969554901123
28491,11.59756088256836
28492,8.286662101745605
28493,5.871831893920898
28494,7.717403888702393
28495,8.325950622558594
28496,9.365324974060059
28497,9.099966049194336
28498,7.203630447387695
28499,9.940624237060547
28500,7.321278095245361
28501,8.529393196105957
28502,9.03902816772461
28503,7.382891654968262
28504,7.879848957061768
28505,10.415167808532715
28506,10.208585739135742
28507,11.455318450927734
28508,11.69394588470459
28509,9.242477416992188
28510,7.012640476226807
28511,8.136428833007812
28512,11.48011589050293
28513,10.123689651489258
28514,8.024861335754395
28515,9.800721168518066
28516,8.49644947052002
28517,10.919857025146484
28518,8.041431427001953
28519,9.202571868896484
28520,12.5497407913208
28521,7.8865437507629395
28522,8.165632247924805
28523,10.29499340057373
28524,10.380925178527832
28525,11.029084205627441
28526,11.344555854797363
28527,10.628046035766602
28528,9.926248550415039
28529,7.437514781951904
28530,7.902285099029541
28531,7.983276844024658
28532,7.252438545227051
28533,11.71084976196289
28534,10.1824369430542
28535,9.548948287963867
28536,9.553893089294434
28537,10.828437805175781
28538,10.903159141540527
28539,12.235939979553223
28540,6.9205827713012695
28541,10.744811058044434
28542,11.250492095947266
28543,6.884986400604248
28544,7.928971767425537
28545,8.409477233886719
28546,10.652068138122559
28547,9.946683883666992
28548,12.862177848815918
28549,9.354109764099121
28550,8.377815246582031
28551,8.772337913513184
28552,10.827164649963379
28553,9.753647804260254
28554,7.9314703941345215
28555,7.85670280456543
28556,8.139007568359375
28557,10.607833862304688
28558,8.401748657226562
28559,12.164165496826172
28560,11.265436172485352
28561,9.555581092834473
28562,7.074244022369385
28563,10.369508743286133
28564,9.676121711730957
28565,7.250649929046631
28566,8.34991455078125
28567,9.066347122192383
28568,7.276708126068115
28569,9.601789474487305
28570,6.893405437469482
28571,5.781196117401123
28572,7.063867568969727
28573,9.867645263671875
28574,10.052515983581543
28575,9.767231941223145
28576,7.168091773986816
28577,9.494502067565918
28578,10.72792911529541
28579,11.002798080444336
28580,6.240157127380371
28581,6.586816310882568
28582,8.795580863952637
28583,7.242217063903809
28584,17.25868797302246
28585,9.448433876037598
28586,8.362003326416016
28587,10.021082878112793
28588,9.605208396911621
28589,9.04641342163086
28590,10.280518531799316
28591,14.75133991241455
28592,7.900809288024902
28593,9.443446159362793
28594,6.814159393310547
28595,11.395930290222168
28596,8.865655899047852
28597,7.4193949699401855
28598,7.855477333068848
28599,6.9480156898498535
28600,9.550796508789062
28601,10.223917961120605
28602,7.203170299530029
28603,7.441341400146484
28604,7.577286720275879
28605,7.445202350616455
28606,8.854879379272461
28607,9.250507354736328
28608,6.343379497528076
28609,6.819904804229736
28610,9.734375953674316
28611,8.869556427001953
28612,10.22121810913086
28613,9.204730033874512
28614,7.838754177093506
28615,7.810263633728027
28616,5.653707504272461
28617,11.463166236877441
28618,9.064812660217285
28619,9.327174186706543
28620,9.663681983947754
28621,10.33755111694336
28622,9.84092903137207
28623,8.5340576171875
28624,7.22109842300415
28625,7.305612087249756
28626,11.645368576049805
28627,11.341582298278809
28628,8.188936233520508
28629,9.198943138122559
28630,7.374865531921387
28631,10.153788566589355
28632,12.14742660522461
28633,8.2352933883667
28634,6.2147908210754395
28635,11.034329414367676
28636,11.088679313659668
28637,12.055173873901367
28638,9.620503425598145
28639,7.3015971183776855
28640,9.914824485778809
28641,5.9713921546936035
28642,5.1273193359375
29878,5.454229831695557
29879,7.594391822814941
29880,9.62208366394043
29881,10.695987701416016
29882,9.345203399658203
29883,9.821283340454102
29884,8.21464729309082
29885,9.912759780883789
29886,8.172788619995117
29887,9.79206371307373
29888,7.077724456787109
29889,7.105987071990967
29890,8.689457893371582
29891,9.20353889465332
29892,14.311153411865234
29893,10.794951438903809
29894,9.143251419067383
29895,12.418652534484863
29896,7.346364498138428
29897,18.908891677856445
29898,9.475950241088867
29899,10.257976531982422
29900,9.196148872375488
29901,8.402081489562988
29902,10.723689079284668
29903,11.814563751220703
29904,8.313270568847656
29905,11.085678100585938
29906,12.290909767150879
29907,8.866998672485352
29908,10.589780807495117
29909,12.4257173538208
29910,8.491820335388184
29911,8.000007629394531
29912,6.393302917480469
29913,10.282137870788574
29914,14.636100769042969
29915,11.712745666503906
29916,9.466706275939941
29917,13.014098167419434
29918,10.344449043273926
29919,10.762557983398438
29920,10.118096351623535
29921,6.254950046539307
29922,11.421133041381836
29923,7.351666450500488
29924,11.469316482543945
29925,5.0501508712768555
29926,9.558384895324707
29927,8.985507011413574
29928,8.767436981201172
29929,10.42671012878418
29930,10.953869819641113
29931,9.96223258972168
29932,10.084613800048828
29933,6.99014949798584
29934,8.20321273803711
29935,8.099824905395508
29936,12.859868049621582
29937,12.335664749145508
29938,8.324844360351562
29939,6.689000606536865
29940,7.343606948852539
29941,9.079988479614258
29942,9.935091972351074
29943,10.32116985321045
29944,9.572492599487305
29945,10.649765968322754
29946,7.855251789093018
29947,10.616150856018066
29948,11.378620147705078
29949,12.714886665344238
29950,9.750409126281738
29951,11.655547142028809
29952,10.22130298614502
29953,6.76513147354126
29954,12.05793285369873
29955,11.659825325012207
29956,10.704754829406738
29957,10.201197624206543
29958,8.438764572143555
29959,10.195448875427246
29960,4.859050273895264
29961,8.904115676879883
29962,10.351310729980469
29963,8.996150970458984
29964,8.618241310119629
29965,7.325058937072754
29966,11.392855644226074
29967,11.118521690368652
29968,8.16610336303711
29969,6.27212381362915
29970,8.6992769241333
29971,10.29175090789795
29972,7.692278861999512
29973,9.366562843322754
29974,12.551243782043457
29975,10.330857276916504
29976,7.486685276031494
29977,11.589276313781738
29978,8.234201431274414
29979,6.481254577636719
29980,8.068788528442383
29981,8.76052188873291
29982,9.888510704040527
29983,9.671670913696289
29984,6.491992950439453
29985,9.593318939208984
29986,12.637989044189453
29987,11.221799850463867
29988,6.980532646179199
29989,7.097580432891846
29990,9.4249267578125
29991,8.670662879943848
29992,8.49886703491211
29993,7.297591209411621
29994,11.090799331665039
29995,9.909177780151367
29996,9.724400520324707
29997,10.616596221923828
29998,6.793120861053467
29999,11.720671653747559
30000,9.007284164428711
30001,9.05301570892334
30002,10.359320640563965
30003,7.526256084442139
30004,6.365384578704834
30005,7.618768692016602
30006,7.074697971343994
30007,8.069952011108398
30008,9.510873794555664
30009,9.682159423828125
30010,9.727599143981934
30011,9.386677742004395
30012,7.3641767501831055
30013,13.957470893859863
30014,9.141624450683594
30015,9.189239501953125
30016,13.196783065795898
30017,7.735470294952393
30018,15.816824913024902
30019,9.089895248413086
30020,5.030835151672363
30021,12.040008544921875
31334,13.639758110046387
31335,10.718403816223145
31336,7.47845983505249
31337,12.268678665161133
31338,10.843029022216797
31339,9.40576171875
31340,9.809103012084961
31341,10.488326072692871
31342,7.472689151763916
31343,6.618527412414551
31344,9.679056167602539
31345,12.302779197692871
31346,6.641923904418945
31347,9.455580711364746
31348,11.964248657226562
31349,10.73480224609375
31350,8.55648136138916
31351,8.558131217956543
31352,9.269979476928711
31353,11.653285026550293
31354,10.418219566345215
31355,10.138291358947754
31356,8.624853134155273
31357,8.79572582244873
31358,7.256770133972168
31359,10.338770866394043
31360,7.247077465057373
31361,12.925811767578125
31362,7.02125883102417
31363,6.486586093902588
31364,9.42618465423584
31365,8.620928764343262
31366,6.767635822296143
31367,5.945612907409668
31368,9.161770820617676
31369,12.321952819824219
31370,10.412301063537598
31371,9.768351554870605
31372,10.593371391296387
31373,8.627768516540527
31374,10.145797729492188
31375,14.09857177734375
31376,9.78043270111084
31377,8.075691223144531
31378,9.293985366821289
31379,7.487400054931641
31380,11.383091926574707
31381,9.728860855102539
31382,6.2161688804626465
31383,9.836515426635742
31384,8.844988822937012
31385,9.764315605163574
31386,7.966747760772705
31387,12.817753791809082
31388,12.050682067871094
31389,7.715559482574463
31390,12.317208290100098
31391,6.561141014099121
31392,15.271370887756348
31393,15.22951602935791
31394,9.829238891601562
31395,11.263570785522461
31396,9.652454376220703
31397,7.2656755447387695
31398,9.451864242553711
31399,12.048657417297363
31400,10.003801345825195
31401,12.529337882995605
31402,6.456862926483154
31403,12.53144359588623
31404,9.056224822998047
31405,9.521102905273438
31406,6.852609634399414
31407,6.948866844177246
31408,9.715664863586426
31409,12.383954048156738
31410,8.111347198486328
31411,13.251398086547852
31412,7.9337382316589355
31413,8.051231384277344
31414,6.755374908447266
31415,11.173906326293945
31416,6.803321838378906
31417,11.893564224243164
31418,7.781899929046631
31419,7.873382091522217
31420,7.935853481292725
31421,8.608424186706543
31422,7.10835075378418
31423,10.25951862335205
31424,10.603448867797852
31425,10.202184677124023
31426,7.2332844734191895
31427,9.525581359863281
31428,10.811729431152344
31429,9.140449523925781
31430,7.278524875640869
31431,11.302334785461426
31432,9.56941032409668
31433,7.440549373626709
31434,13.830732345581055
31435,11.546292304992676
31436,10.39454174041748
31437,9.486953735351562
31438,16.18167495727539
31439,10.463103294372559
31440,12.626421928405762
31441,7.606618404388428
31442,6.038511753082275
31443,7.996160507202148
31444,11.851605415344238
31445,7.236310005187988
31446,6.379106521606445
31447,7.659350395202637
31448,6.4453816413879395
31449,10.418188095092773
31450,6.8328633308410645
31451,6.086206436157227
31452,9.413148880004883
31453,10.99739933013916
31454,10.898109436035156
31455,10.343917846679688
31456,5.895102500915527
31457,8.775735855102539
31458,5.533756732940674
31459,12.22553825378418
31460,6.238552093505859
31461,13.140085220336914
31462,10.507797241210938
31463,9.420843124389648
31464,8.936755180358887
31465,8.254315376281738
31466,15.428790092468262
31467,11.357219696044922
31468,9.554561614990234
31469,8.7128324508667
31470,8.69425106048584
31471,7.8839030265808105
31472,7.681167125701904
31473,9.336956024169922
31474,11.243269920349121
31475,7.435993671417236
31476,9.566751480102539
31477,13.002817153930664
31478,7.886697769165039
31479,6.738346576690674
31480,7.907351493835449
31481,10.417886734008789
31482,7.947857856750488
31483,9.256491661071777
31484,14.079242706298828
31485,9.774720191955566
32805,10.343681335449219
32806,8.56177806854248
32807,19.226661682128906
32808,7.41541051864624
32809,9.444220542907715
32810,8.174432754516602
32811,8.906699180603027
32812,8.599708557128906
32813,7.504467964172363
32814,10.135568618774414
32815,8.969902992248535
32816,9.78734016418457
32817,8.57239055633545
32818,7.92066764831543
32819,5.887439727783203
32820,8.372831344604492
32821,6.9547834396362305
32822,9.598526000976562
32823,9.794610977172852
32824,9.30638313293457
32825,8.15631103515625
32826,5.505556106567383
32827,9.927163124084473
32828,8.002958297729492
32829,10.41810417175293
32830,10.774502754211426
32831,11.294060707092285
32832,7.911755084991455
32833,8.668111801147461
32834,9.511536598205566
32835,9.191840171813965
32836,8.927779197692871
32837,9.327779769897461
32838,7.142131805419922
32839,11.045491218566895
32840,12.317317008972168
32841,10.911343574523926
32842,8.635941505432129
32843,7.758469581604004
32844,11.283753395080566
32845,8.424100875854492
32846,11.191783905029297
32847,8.033376693725586
32848,7.008853912353516
32849,11.683624267578125
32850,10.671565055847168
32851,10.157254219055176
32852,13.240274429321289
32853,11.391585350036621
32854,9.865127563476562
32855,11.057381629943848
32856,8.223983764648438
32857,9.155632019042969
32858,13.895020484924316
32859,9.497611999511719
32860,10.1100492477417
32861,10.291701316833496
32862,17.10442543029785
32863,12.026958465576172
32864,7.75267219543457
32865,8.614798545837402
32866,7.958899021148682
32867,12.483306884765625
32868,11.475570678710938
32869,10.475096702575684
32870,10.805988311767578
32871,6.745434284210205
32872,6.555006980895996
32873,12.036821365356445
32874,19.789060592651367
32875,6.115468978881836
32876,8.134515762329102
32877,9.02774715423584
32878,10.075902938842773
32879,10.12032413482666
32880,9.801685333251953
32881,7.751267910003662
32882,7.429826736450195
32883,10.286066055297852
32884,10.62148380279541
32885,6.600755214691162
32886,6.071551322937012
32887,11.709731101989746
32888,12.608201026916504
32889,10.256613731384277
32890,8.732346534729004
32891,7.097347736358643
32892,9.179964065551758
32893,10.496002197265625
32894,14.196861267089844
32895,11.63912582397461
32896,6.546386241912842
32897,8.944392204284668
32898,8.865466117858887
32899,8.385498046875
32900,7.054053783416748
32901,8.678484916687012
32902,11.18741512298584
32903,8.729663848876953
32904,8.443486213684082
32905,9.890769958496094
32906,10.024406433105469
32907,6.1310553550720215
32908,7.399858474731445
32909,13.63796615600586
32910,8.678057670593262
32911,9.690767288208008
32912,9.036580085754395
32913,9.588569641113281
32914,10.744383811950684
32915,11.722396850585938
32916,9.585043907165527
32917,8.9397611618042
32918,9.434860229492188
32919,9.898879051208496
32920,8.463335037231445
32921,9.546479225158691
32922,10.129535675048828
32923,8.886432647705078
32924,8.67853832244873
32925,6.933928489685059
32926,10.860419273376465
32927,11.86306381225586
32928,11.94474983215332
32929,10.196930885314941
32930,11.037915229797363
32931,6.284516334533691
32932,12.787254333496094
32933,9.346702575683594
32934,4.768775463104248
32935,14.329610824584961
32936,7.8611955642700195
32937,6.900680065155029
32938,7.190539836883545
32939,12.756532669067383
32940,9.057211875915527
32941,8.895713806152344
32942,9.361706733703613
32943,9.752593040466309
32944,8.757286071777344
32945,10.717384338378906
32946,9.048410415649414
32947,10.20872974395752
32948,6.852128028869629
32949,5.994037628173828
32950,9.763185501098633
32951,9.453694343566895
32952,6.9849443435668945
32953,10.32144832611084
32954,8.70464038848877
32955,9.77297306060791
32956,7.519515514373779
32957,9.618348121643066
32958,9.244022369384766
32959,13.193721771240234
32960,6.793340682983398
32961,8.12600326538086
32962,9.80359935760498
32963,7.860934734344482
34305,10.413411140441895
34306,7.635912895202637
34307,8.686837196350098
34308,10.927994728088379
34309,12.169445037841797
34310,12.270447731018066
34311,9.36315631866455
34312,9.558724403381348
34313,7.298275947570801
34314,6.3624725341796875
34315,4.6063737869262695
34316,6.280181407928467
34317,8.813353538513184
34318,7.076263904571533
34319,11.278489112854004
34320,6.086296558380127
34321,11.40396785736084
34322,9.030807495117188
34323,7.518984317779541
34324,11.21117877960205
34325,9.401052474975586
34326,9.958892822265625
34327,6.18683385848999
34328,11.066937446594238
34329,9.551142692565918
34330,6.09245491027832
34331,9.409120559692383
34332,6.408750534057617
34333,12.613997459411621
34334,5.840794563293457
34335,13.267361640930176
34336,12.272479057312012
34337,8.080280303955078
34338,10.209473609924316
34339,15.40821361541748
34340,7.93697452545166
34341,8.523908615112305
34342,13.556720733642578
34343,9.221009254455566
34344,6.152421951293945
34345,9.039024353027344
34346,7.98220157623291
34347,6.248204708099365
34348,8.916220664978027
34349,9.642895698547363
34350,9.791083335876465
34351,7.15710973739624
34352,9.88927173614502
34353,8.976076126098633
34354,11.434144020080566
34355,9.746513366699219
34356,10.668436050415039
34357,9.298365592956543
34358,10.999582290649414
34359,8.444986343383789
34360,8.693413734436035
34361,5.685268402099609
34362,6.780457496643066
34363,7.827808856964111
34364,4.816349029541016
34365,7.767090320587158
34366,9.458179473876953
34367,10.09500789642334
34368,5.062114238739014
34369,5.691961765289307
34370,23.49163818359375
34371,6.508925914764404
34372,14.697200775146484
34373,10.008217811584473
34374,5.782460689544678
34375,7.358260154724121
34376,7.07938289642334
34377,8.161678314208984
34378,12.34697151184082
34379,9.964536666870117
34380,11.99382209777832
34381,9.28245735168457
34382,8.193063735961914
34383,7.971088886260986
34384,9.345553398132324
34385,9.052023887634277
34386,7.965044975280762
34387,17.908294677734375
34388,11.5223970413208
34389,6.228426456451416
34390,8.06350326538086
34391,8.915623664855957
34392,6.16811466217041
34393,8.630387306213379
34394,7.434144973754883
34395,9.855504989624023
34396,13.573585510253906
34397,15.566276550292969
34398,10.09444808959961
34399,9.78728199005127
34400,12.685357093811035
34401,9.754114151000977
34402,10.693755149841309
34403,5.069827079772949
34404,10.6417875289917
34405,9.076013565063477
34406,7.373987674713135
34407,9.702906608581543
34408,6.921141624450684
34409,5.381155967712402
34410,8.05743408203125
34411,6.24045991897583
34412,5.530117511749268
34413,7.465856075286865
34414,9.472752571105957
34415,12.2216215133667
34416,8.791637420654297
34417,10.311286926269531
34418,11.199634552001953
34419,8.470449447631836
34420,9.378806114196777
34421,11.537447929382324
34422,8.276031494140625
34423,7.4354753494262695
34424,7.575421333312988
34425,7.631373405456543
34426,7.7967209815979
34427,10.729937553405762
34428,9.015735626220703
34429,5.722421646118164
34430,6.93433952331543
34431,6.968297004699707
34432,8.093620300292969
34433,9.01839828491211
34434,8.51064395904541
34435,11.682154655456543
34436,7.130916118621826
34437,12.407732963562012
34438,8.608543395996094
34439,16.137483596801758
34440,10.063404083251953
35754,9.324584007263184
35755,5.875032424926758
35756,5.448018550872803
35757,7.917974948883057
35758,8.54165267944336
35759,11.19361400604248
35760,7.154241561889648
35761,8.274815559387207
35762,5.208695888519287
35763,6.828455448150635
35764,9.825050354003906
35765,11.963532447814941
35766,4.506756782531738
35767,14.04408073425293
35768,14.484487533569336
35769,6.734506607055664
35770,8.359933853149414
35771,8.80842113494873
35772,8.30606460571289
35773,10.083064079284668
35774,7.418751239776611
35775,9.432862281799316
35776,6.3707098960876465
35777,7.822157382965088
35778,10.154723167419434
35779,6.681766033172607
35780,12.974122047424316
35781,10.652034759521484
35782,8.540509223937988
35783,9.877553939819336
35784,10.286779403686523
35785,8.476905822753906
35786,8.975034713745117
35787,9.252516746520996
35788,6.628329753875732
35789,9.781050682067871
35790,12.783061027526855
35791,7.423677921295166
35792,15.380292892456055
35793,10.620827674865723
35794,10.728471755981445
35795,10.47883415222168
35796,12.374395370483398
35797,11.91612720489502
35798,7.015589714050293
35799,8.136268615722656
35800,12.432093620300293
35801,8.764505386352539
35802,8.610128402709961
35803,9.087850570678711
35804,8.469253540039062
35805,8.278173446655273
35806,8.332860946655273
35807,7.960936546325684
35808,9.486040115356445
35809,12.525022506713867
35810,8.0267333984375
35811,7.344361305236816
35812,6.264893054962158
35813,7.969515323638916
35814,8.926700592041016
35815,7.787275791168213
35816,14.581343650817871
35817,10.989896774291992
35818,10.303152084350586
35819,14.591763496398926
35820,3.8732967376708984
35821,7.959713459014893
35822,7.6462907791137695
35823,7.686316967010498
35824,12.353716850280762
35825,6.733536720275879
35826,5.836356163024902
35827,8.661805152893066
35828,8.868760108947754
35829,21.09174156188965
35830,7.937222957611084
35831,10.028989791870117
35832,11.69719123840332
35833,8.099708557128906
35834,5.842745304107666
35835,8.3468599319458
35836,12.005701065063477
35837,6.534107685089111
35838,9.166288375854492
35839,7.987181186676025
35840,9.459344863891602
35841,8.754594802856445
35842,8.677790641784668
35843,10.185585021972656
35844,7.863769054412842
35845,14.569393157958984
35846,6.5441765785217285
35847,15.37863540649414
35848,6.690645694732666
35849,6.785201549530029
35850,7.4776506423950195
35851,7.926185607910156
35852,9.138493537902832
35853,6.612982273101807
35854,10.236530303955078
35855,10.052266120910645
35856,4.994016170501709
35857,9.26187515258789
35858,9.25311279296875
35859,6.653357982635498
35860,8.510970115661621
35861,5.6229753494262695
35862,4.3057146072387695
35863,11.098834991455078
35864,10.123004913330078
35865,8.455404281616211
35866,11.055222511291504
35867,7.585809707641602
35868,10.082767486572266
35869,11.38440990447998
35870,9.023588180541992
35871,7.71743631362915
35872,6.5311455726623535
35873,12.35085678100586
35874,9.920732498168945
35875,8.83928108215332
35876,9.460755348205566
35877,10.47949504852295
35878,10.03957748413086
35879,5.387434959411621
35880,12.180388450622559
35881,6.779847145080566
35882,10.147709846496582
35883,8.64223575592041
35884,10.164983749389648
35885,6.999682426452637
35886,5.791878700256348
35887,7.058532238006592
35888,7.932524681091309
35889,6.344335079193115
35890,6.611112594604492
35891,9.888856887817383
35892,9.415629386901855
35893,7.212100505828857
35894,13.977109909057617
35895,9.985838890075684
35896,10.269410133361816
35897,5.567931652069092
35898,10.800698280334473
35899,14.450282096862793
35900,5.929172992706299
35901,11.690160751342773
35902,9.74205493927002
35903,7.728046894073486
35904,7.265125274658203
36127,7.5879387855529785
36128,12.601550102233887
36129,9.397821426391602
36130,6.0655694007873535
36131,9.41507625579834
36132,8.258689880371094
36133,5.949141502380371
36134,11.596257209777832
36135,5.876963138580322
36136,6.9999003410339355
36137,10.920611381530762
36138,7.5930633544921875
36139,7.687764644622803
36140,5.41667366027832
36141,8.476818084716797
36142,13.58758544921875
36143,5.817050933837891
36144,9.45659065246582
36145,8.432096481323242
36146,8.166430473327637
36147,8.3237943649292
36148,14.653252601623535
36149,9.04045581817627
36150,8.455127716064453
36151,8.611812591552734
36152,8.414167404174805
